sep=,
Instrument Serial Num,Reading #,Date,Time,Method Name,User Factor Name,Test Label,Collimation Status,Latitude,Longitude, Units, Compound, Compound Level, Compound Error, Concentration, Error1s,Mg Compound,Mg Compound Level,Mg Compound Error,Mg Concentration,Mg Error1s,Al Compound,Al Compound Level,Al Compound Error,Al Concentration,Al Error1s,Si Compound,Si Compound Level,Si Compound Error,Si Concentration,Si Error1s,P Compound,P Compound Level,P Compound Error,P Concentration,P Error1s,S Compound,S Compound Level,S Compound Error,S Concentration,S Error1s,K Compound,K Compound Level,K Compound Error,K Concentration,K Error1s,Ca Compound,Ca Compound Level,Ca Compound Error,Ca Concentration,Ca Error1s,Ti Compound,Ti Compound Level,Ti Compound Error,Ti Concentration,Ti Error1s,V Compound,V Compound Level,V Compound Error,V Concentration,V Error1s,Cr Compound,Cr Compound Level,Cr Compound Error,Cr Concentration,Cr Error1s,Mn Compound,Mn Compound Level,Mn Compound Error,Mn Concentration,Mn Error1s,Fe Compound,Fe Compound Level,Fe Compound Error,Fe Concentration,Fe Error1s,Co Compound,Co Compound Level,Co Compound Error,Co Concentration,Co Error1s,Ni Compound,Ni Compound Level,Ni Compound Error,Ni Concentration,Ni Error1s,Cu Compound,Cu Compound Level,Cu Compound Error,Cu Concentration,Cu Error1s,Zn Compound,Zn Compound Level,Zn Compound Error,Zn Concentration,Zn Error1s,As Compound,As Compound Level,As Compound Error,As Concentration,As Error1s,Se Compound,Se Compound Level,Se Compound Error,Se Concentration,Se Error1s,Rb Compound,Rb Compound Level,Rb Compound Error,Rb Concentration,Rb Error1s,Sr Compound,Sr Compound Level,Sr Compound Error,Sr Concentration,Sr Error1s,Y Compound,Y Compound Level,Y Compound Error,Y Concentration,Y Error1s,Zr Compound,Zr Compound Level,Zr Compound Error,Zr Concentration,Zr Error1s,Nb Compound,Nb Compound Level,Nb Compound Error,Nb Concentration,Nb Error1s,Mo Compound,Mo Compound Level,Mo Compound Error,Mo Concentration,Mo Error1s,Ag Compound,Ag Compound Level,Ag Compound Error,Ag Concentration,Ag Error1s,Cd Compound,Cd Compound Level,Cd Compound Error,Cd Concentration,Cd Error1s,Sn Compound,Sn Compound Level,Sn Compound Error,Sn Concentration,Sn Error1s,Sb Compound,Sb Compound Level,Sb Compound Error,Sb Concentration,Sb Error1s,Ba Compound,Ba Compound Level,Ba Compound Error,Ba Concentration,Ba Error1s,La Compound,La Compound Level,La Compound Error,La Concentration,La Error1s,Ce Compound,Ce Compound Level,Ce Compound Error,Ce Concentration,Ce Error1s,Pr Compound,Pr Compound Level,Pr Compound Error,Pr Concentration,Pr Error1s,Nd Compound,Nd Compound Level,Nd Compound Error,Nd Concentration,Nd Error1s,W Compound,W Compound Level,W Compound Error,W Concentration,W Error1s,Hg Compound,Hg Compound Level,Hg Compound Error,Hg Concentration,Hg Error1s,Pb Compound,Pb Compound Level,Pb Compound Error,Pb Concentration,Pb Error1s,Bi Compound,Bi Compound Level,Bi Compound Error,Bi Concentration,Bi Error1s,Th Compound,Th Compound Level,Th Compound Error,Th Concentration,Th Error1s,U Compound,U Compound Level,U Compound Error,U Concentration,U Error1s,LE Compound,LE Compound Level,LE Compound Error,LE Concentration,LE Error1s,Real Time 1,Real Time 2,Real Time 3,
803071,1,2021-03-10,09:59:24,Geochem(3-Beam),,1-RP1,No,,,PPM,,,,0,0,,,,0,1657,,,,0,368,,,,385839,706,,,,0,31,,,,0,48,,,,0,86,,,,0,71,,,,0,94,,,,0,34,,,,0,17,,,,0,204,,,,22,7,,,,0,5,,,,80,4,,,,18,2,,,,4,1,,,,0,1,,,,2,1,,,,2,0,,,,0,1,,,,0,2,,,,7,1,,,,0,2,,,,0,3,,,,7,2,,,,0,11,,,,0,15,,,,0,21,,,,0,426,,,,0,762,,,,0,817,,,,197,56,,,,281,76,,,,0,5,,,,0,4,,,,0,2,,,,0,12,,,,0,5,,,,0,3,,,,613539,707,15,15,15,
803071,1,2021-03-10,10:00:15,Geochem(3-Beam),,1-RP2,No,,,PPM,,,,0,0,,,,0,1688,,,,0,368,,,,385157,705,,,,0,31,,,,0,48,,,,0,85,,,,0,71,,,,0,94,,,,0,33,,,,0,17,,,,47,9,,,,32,7,,,,0,5,,,,80,4,,,,13,2,,,,0,2,,,,0,1,,,,0,1,,,,2,0,,,,0,1,,,,0,2,,,,8,1,,,,0,2,,,,0,3,,,,8,2,,,,0,11,,,,0,15,,,,0,21,,,,0,425,,,,0,755,,,,168,37,,,,235,56,,,,280,76,,,,0,5,,,,0,4,,,,0,2,,,,0,12,,,,0,5,,,,0,3,,,,613970,707,15,15,15,
803071,1,2021-03-10,10:01:07,Geochem(3-Beam),,1-RP3,No,,,PPM,,,,0,0,,,,0,1710,,,,0,369,,,,385093,703,,,,0,31,,,,0,47,,,,0,85,,,,0,70,,,,0,94,,,,0,33,,,,0,17,,,,0,202,,,,30,7,,,,0,6,,,,78,4,,,,14,2,,,,0,2,,,,0,1,,,,2,1,,,,2,1,,,,0,1,,,,0,2,,,,8,1,,,,0,2,,,,0,3,,,,8,2,,,,0,11,,,,0,15,,,,0,21,,,,0,421,,,,115,33,,,,142,37,,,,178,56,,,,0,1561,,,,0,5,,,,0,4,,,,0,2,,,,0,12,,,,0,5,,,,0,3,,,,614329,704,15,15,15,
803071,1,2021-03-10,10:01:58,Geochem(3-Beam),,1-RP4,No,,,PPM,,,,0,0,,,,0,1718,,,,0,369,,,,386725,708,,,,0,30,,,,0,48,,,,0,85,,,,0,70,,,,0,94,,,,0,32,,,,0,17,,,,43,10,,,,35,7,,,,0,5,,,,73,4,,,,14,2,,,,0,2,,,,0,1,,,,2,1,,,,2,1,,,,0,1,,,,0,2,,,,8,1,,,,0,2,,,,0,3,,,,6,2,,,,0,11,,,,0,15,,,,0,21,,,,0,417,,,,0,749,,,,129,37,,,,222,56,,,,259,76,,,,0,5,,,,0,4,,,,0,2,,,,0,12,,,,0,5,,,,0,3,,,,612481,709,15,15,15,
803071,1,2021-03-10,10:02:50,Geochem(3-Beam),,1-RP5,No,,,PPM,,,,0,0,,,,0,1702,,,,0,368,,,,388060,708,,,,0,31,,,,0,48,,,,0,86,,,,0,70,,,,0,94,,,,0,33,,,,0,17,,,,0,203,,,,26,7,,,,0,5,,,,76,4,,,,18,2,,,,6,1,,,,0,1,,,,3,1,,,,2,0,,,,0,1,,,,0,2,,,,7,1,,,,0,2,,,,0,3,,,,7,2,,,,0,11,,,,0,15,,,,0,21,,,,0,427,,,,120,33,,,,0,826,,,,0,1213,,,,0,1567,,,,0,5,,,,0,4,,,,0,2,,,,0,12,,,,0,5,,,,0,3,,,,611676,708,15,15,15,
803071,2,2021-03-10,10:04:08,Geochem(3-Beam),,2-RP1,No,,,PPM,,,,0,0,,,,14557,1679,,,,47546,539,,,,149332,693,,,,621,39,,,,0,83,,,,5678,47,,,,52529,239,,,,11321,167,,,,236,44,,,,148,18,,,,982,24,,,,76791,357,,,,210,36,,,,255,8,,,,59,5,,,,114,4,,,,0,1,,,,0,1,,,,25,1,,,,444,3,,,,28,1,,,,150,2,,,,17,2,,,,0,3,,,,12,2,,,,0,9,,,,0,13,,,,0,18,,,,350,25,,,,128,42,,,,0,1113,,,,0,1667,,,,0,2174,,,,0,6,,,,0,4,,,,0,2,,,,0,12,,,,0,5,,,,0,3,,,,638467,1398,15,15,15,
803071,2,2021-03-10,10:05:00,Geochem(3-Beam),,2-RP2,No,,,PPM,,,,0,0,,,,18378,1715,,,,47197,539,,,,149641,700,,,,655,40,,,,0,82,,,,5667,47,,,,52898,242,,,,11289,166,,,,253,44,,,,145,19,,,,968,24,,,,77199,361,,,,132,36,,,,255,8,,,,57,5,,,,123,4,,,,0,1,,,,0,1,,,,24,1,,,,442,3,,,,28,1,,,,153,2,,,,21,2,,,,0,3,,,,11,2,,,,0,9,,,,0,13,,,,0,18,,,,325,25,,,,0,1061,,,,0,1154,,,,0,1701,,,,293,96,,,,0,6,,,,0,4,,,,0,2,,,,0,12,,,,0,5,,,,0,3,,,,633847,1420,15,15,15,
803071,2,2021-03-10,10:05:52,Geochem(3-Beam),,2-RP3,No,,,PPM,,,,0,0,,,,11788,1652,,,,47166,536,,,,150283,694,,,,587,39,,,,0,83,,,,5590,47,,,,52847,240,,,,11269,167,,,,222,43,,,,169,19,,,,976,24,,,,77027,357,,,,163,36,,,,254,8,,,,66,5,,,,116,4,,,,0,1,,,,0,1,,,,25,1,,,,443,3,,,,24,1,,,,155,2,,,,19,2,,,,0,3,,,,9,2,,,,0,9,,,,0,13,,,,0,18,,,,377,25,,,,0,1041,,,,145,46,,,,0,1662,,,,0,2211,,,,0,6,,,,0,4,,,,0,2,,,,0,12,,,,0,5,,,,0,3,,,,640281,1383,15,15,15,
803071,2,2021-03-10,10:06:44,Geochem(3-Beam),,2-RP4,No,,,PPM,,,,0,0,,,,11142,1625,,,,47413,534,,,,149923,689,,,,615,39,,,,0,83,,,,5748,47,,,,52682,237,,,,11234,166,,,,207,43,,,,188,19,,,,949,24,,,,76866,354,,,,0,59,,,,272,8,,,,62,5,,,,116,4,,,,0,1,,,,0,1,,,,23,1,,,,440,3,,,,28,1,,,,152,2,,,,21,2,,,,0,3,,,,9,2,,,,0,9,,,,0,13,,,,0,18,,,,365,25,,,,0,1060,,,,144,46,,,,0,1708,,,,0,2259,,,,0,6,,,,0,4,,,,0,2,,,,0,12,,,,0,5,,,,0,3,,,,641399,1366,15,15,15,
803071,2,2021-03-10,10:07:36,Geochem(3-Beam),,2-RP5,No,,,PPM,,,,0,0,,,,15026,1662,,,,47699,537,,,,150368,694,,,,543,39,,,,0,84,,,,5611,47,,,,52876,240,,,,11140,167,,,,237,44,,,,175,19,,,,1028,24,,,,76865,356,,,,202,36,,,,253,8,,,,68,5,,,,125,4,,,,0,1,,,,0,1,,,,25,1,,,,447,3,,,,22,1,,,,153,2,,,,21,2,,,,0,3,,,,10,2,,,,24,7,,,,0,13,,,,0,18,,,,370,25,,,,0,1048,,,,0,1136,,,,0,1688,,,,0,2212,,,,0,5,,,,0,4,,,,0,2,,,,0,11,,,,0,5,,,,0,3,,,,636709,1387,15,15,15,
803071,2,2021-03-10,10:08:28,Geochem(3-Beam),,2-RP6,No,,,PPM,,,,0,0,,,,13037,1630,,,,47108,531,,,,149752,688,,,,669,39,,,,0,83,,,,5582,46,,,,52708,238,,,,10858,164,,,,278,43,,,,163,19,,,,1030,24,,,,76451,352,,,,177,36,,,,269,8,,,,63,5,,,,121,4,,,,0,1,,,,0,1,,,,23,1,,,,441,3,,,,25,1,,,,154,2,,,,23,2,,,,0,3,,,,13,2,,,,22,7,,,,0,13,,,,0,18,,,,336,25,,,,0,1056,,,,174,46,,,,0,1712,,,,0,2254,,,,0,6,,,,0,4,,,,0,2,,,,0,11,,,,0,5,,,,0,3,,,,640522,1368,15,15,15,
803071,2,2021-03-10,10:09:20,Geochem(3-Beam),,2-RP7,No,,,PPM,,,,0,0,,,,11538,1612,,,,47700,532,,,,149487,684,,,,687,39,,,,0,81,,,,5568,46,,,,52530,236,,,,11353,166,,,,170,43,,,,143,18,,,,1003,24,,,,76263,350,,,,176,36,,,,252,8,,,,68,5,,,,116,4,,,,0,1,,,,0,1,,,,24,1,,,,438,3,,,,26,1,,,,150,2,,,,19,2,,,,0,3,,,,8,2,,,,0,9,,,,0,13,,,,0,18,,,,344,25,,,,0,1022,,,,0,1118,,,,329,70,,,,0,2168,,,,0,6,,,,0,4,,,,0,2,,,,0,12,,,,0,5,,,,0,3,,,,641609,1357,15,15,15,
803071,2,2021-03-10,10:10:12,Geochem(3-Beam),,2-RP8,No,,,PPM,,,,0,0,,,,9116,1575,,,,47769,531,,,,149746,681,,,,619,39,,,,0,85,,,,5641,46,,,,52561,235,,,,11391,166,,,,236,43,,,,155,18,,,,1004,24,,,,76621,349,,,,115,36,,,,255,8,,,,66,5,,,,113,4,,,,0,1,,,,0,1,,,,25,1,,,,444,3,,,,27,1,,,,152,2,,,,21,2,,,,0,3,,,,11,2,,,,0,9,,,,0,13,,,,0,18,,,,369,25,,,,129,42,,,,0,1144,,,,0,1704,,,,0,2234,,,,0,6,,,,0,4,,,,0,2,,,,0,12,,,,0,5,,,,0,3,,,,643413,1335,15,15,15,
803071,2,2021-03-10,10:11:04,Geochem(3-Beam),,2-RP9,No,,,PPM,,,,0,0,,,,14026,1633,,,,47260,532,,,,150216,690,,,,590,39,,,,0,85,,,,5606,46,,,,52984,239,,,,11227,166,,,,189,43,,,,164,19,,,,998,24,,,,76690,353,,,,157,36,,,,252,8,,,,65,5,,,,111,4,,,,0,1,,,,0,1,,,,24,1,,,,442,3,,,,27,1,,,,156,2,,,,17,2,,,,0,3,,,,9,2,,,,22,7,,,,0,13,,,,0,18,,,,372,25,,,,160,42,,,,192,46,,,,0,1668,,,,0,2235,,,,0,6,,,,0,4,,,,0,2,,,,0,12,,,,0,5,,,,0,3,,,,638046,1370,15,15,15,
803071,2,2021-03-10,10:11:56,Geochem(3-Beam),,2-RP10,No,,,PPM,,,,0,0,,,,14745,1616,,,,47277,529,,,,150430,687,,,,669,39,,,,0,84,,,,5610,46,,,,52848,237,,,,11063,167,,,,261,44,,,,174,19,,,,1013,24,,,,76653,352,,,,165,36,,,,265,8,,,,69,5,,,,115,4,,,,0,1,,,,0,1,,,,24,1,,,,443,3,,,,27,1,,,,159,2,,,,20,2,,,,0,3,,,,0,35,,,,0,9,,,,0,13,,,,0,18,,,,356,25,,,,136,42,,,,178,46,,,,0,1693,,,,0,2207,,,,0,6,,,,0,4,,,,0,2,,,,0,12,,,,0,5,,,,0,3,,,,637298,1359,15,15,15,
803071,2,2021-03-10,10:12:48,Geochem(3-Beam),,2-RP11,No,,,PPM,,,,0,0,,,,15224,1620,,,,47458,529,,,,149355,683,,,,647,39,,,,0,82,,,,5680,46,,,,52575,236,,,,10801,163,,,,270,43,,,,119,18,,,,1040,24,,,,76246,350,,,,152,36,,,,258,8,,,,66,5,,,,117,4,,,,0,1,,,,0,1,,,,24,1,,,,438,3,,,,26,1,,,,150,2,,,,20,2,,,,0,3,,,,7,2,,,,0,9,,,,0,13,,,,0,18,,,,329,25,,,,0,1039,,,,195,46,,,,0,1664,,,,331,95,,,,0,6,,,,0,4,,,,0,2,,,,0,11,,,,0,5,,,,0,3,,,,638471,1362,15,15,15,
803071,2,2021-03-10,10:13:40,Geochem(3-Beam),,2-RP12,No,,,PPM,,,,0,0,,,,16065,1636,,,,48045,533,,,,150790,690,,,,642,39,,,,0,81,,,,5702,47,,,,52019,234,,,,11107,167,,,,178,43,,,,176,19,,,,978,24,,,,76732,353,,,,154,36,,,,266,8,,,,52,5,,,,121,4,,,,0,1,,,,0,1,,,,24,1,,,,439,3,,,,26,1,,,,150,2,,,,20,2,,,,0,3,,,,9,2,,,,0,9,,,,0,13,,,,55,13,,,,378,25,,,,0,1055,,,,0,1158,,,,0,1715,,,,0,2255,,,,0,5,,,,0,4,,,,0,2,,,,0,12,,,,0,5,,,,0,3,,,,635872,1370,15,15,15,
803071,2,2021-03-10,10:14:32,Geochem(3-Beam),,2-RP13,No,,,PPM,,,,0,0,,,,13304,1591,,,,47422,527,,,,149913,683,,,,625,39,,,,0,81,,,,5669,46,,,,52804,236,,,,11299,166,,,,211,43,,,,216,19,,,,993,24,,,,76787,351,,,,200,36,,,,250,8,,,,65,5,,,,125,4,,,,0,1,,,,0,1,,,,25,1,,,,445,3,,,,23,1,,,,154,2,,,,20,2,,,,0,3,,,,13,2,,,,0,9,,,,0,13,,,,0,18,,,,352,25,,,,152,42,,,,214,47,,,,319,70,,,,412,96,,,,0,6,,,,0,4,,,,0,2,,,,0,12,,,,0,5,,,,0,3,,,,637985,1345,15,15,15,
803071,2,2021-03-10,10:15:24,Geochem(3-Beam),,2-RP14,No,,,PPM,,,,0,0,,,,13280,1591,,,,48566,533,,,,150381,684,,,,610,39,,,,0,82,,,,5636,46,,,,52960,237,,,,11179,167,,,,212,43,,,,184,19,,,,988,24,,,,76812,351,,,,173,36,,,,254,8,,,,63,5,,,,119,4,,,,0,1,,,,0,1,,,,25,1,,,,441,3,,,,24,1,,,,157,2,,,,20,2,,,,0,3,,,,10,2,,,,0,9,,,,0,13,,,,0,18,,,,314,25,,,,0,1070,,,,150,47,,,,0,1727,,,,306,96,,,,0,6,,,,0,4,,,,0,2,,,,0,11,,,,0,5,,,,0,3,,,,637135,1345,15,15,15,
803071,2,2021-03-10,10:16:16,Geochem(3-Beam),,2-RP15,No,,,PPM,,,,0,0,,,,12862,1584,,,,47051,525,,,,150518,683,,,,651,39,,,,0,81,,,,5646,46,,,,52842,236,,,,11337,167,,,,168,43,,,,156,18,,,,970,23,,,,76572,349,,,,224,36,,,,249,8,,,,67,5,,,,121,4,,,,0,1,,,,0,1,,,,25,1,,,,445,3,,,,27,1,,,,150,2,,,,23,2,,,,0,3,,,,0,36,,,,0,9,,,,0,13,,,,0,18,,,,361,25,,,,0,1046,,,,0,1136,,,,0,1679,,,,326,95,,,,0,6,,,,0,4,,,,0,2,,,,0,12,,,,0,5,,,,0,3,,,,639210,1340,15,15,15,
803071,2,2021-03-10,10:17:08,Geochem(3-Beam),,2-RP16,No,,,PPM,,,,0,0,,,,11977,1570,,,,47917,528,,,,149981,680,,,,639,39,,,,0,84,,,,5615,46,,,,52960,236,,,,11160,165,,,,214,43,,,,181,19,,,,1011,24,,,,77085,351,,,,134,36,,,,247,8,,,,75,5,,,,124,4,,,,0,1,,,,3,1,,,,23,1,,,,444,3,,,,27,1,,,,154,2,,,,19,2,,,,0,3,,,,8,2,,,,0,9,,,,0,13,,,,0,18,,,,303,25,,,,0,1018,,,,0,1105,,,,0,1623,,,,313,96,,,,0,6,,,,0,4,,,,0,2,,,,0,12,,,,0,5,,,,0,3,,,,639386,1332,15,15,15,
803071,2,2021-03-10,10:18:00,Geochem(3-Beam),,2-RP17,No,,,PPM,,,,0,0,,,,13129,1570,,,,47814,526,,,,149057,675,,,,605,38,,,,0,83,,,,5520,45,,,,52378,233,,,,11329,166,,,,0,72,,,,167,18,,,,973,23,,,,76118,346,,,,217,36,,,,246,8,,,,64,5,,,,118,4,,,,0,1,,,,0,1,,,,27,1,,,,437,3,,,,25,1,,,,150,2,,,,22,2,,,,0,3,,,,0,35,,,,28,7,,,,0,13,,,,0,18,,,,331,25,,,,0,1043,,,,160,46,,,,0,1697,,,,0,2242,,,,0,5,,,,0,4,,,,0,2,,,,0,11,,,,0,5,,,,0,3,,,,641085,1330,15,15,15,
803071,2,2021-03-10,10:18:52,Geochem(3-Beam),,2-RP18,No,,,PPM,,,,0,0,,,,13205,1573,,,,48338,529,,,,149715,678,,,,610,38,,,,0,84,,,,5631,46,,,,52697,234,,,,11185,165,,,,220,43,,,,170,19,,,,1002,24,,,,76475,347,,,,214,36,,,,263,8,,,,65,5,,,,128,4,,,,0,1,,,,3,1,,,,25,1,,,,442,3,,,,24,1,,,,148,2,,,,19,2,,,,0,3,,,,13,2,,,,0,9,,,,0,13,,,,0,18,,,,350,25,,,,0,1008,,,,0,1092,,,,0,1641,,,,0,2153,,,,0,6,,,,0,4,,,,0,2,,,,0,12,,,,0,5,,,,0,3,,,,639057,1332,15,15,15,
803071,2,2021-03-10,10:19:44,Geochem(3-Beam),,2-RP19,No,,,PPM,,,,0,0,,,,14426,1582,,,,48491,530,,,,150468,683,,,,643,39,,,,0,84,,,,5628,46,,,,53135,237,,,,11363,167,,,,141,43,,,,192,19,,,,1020,24,,,,77174,352,,,,163,36,,,,255,8,,,,66,5,,,,121,4,,,,0,1,,,,0,1,,,,24,1,,,,444,3,,,,26,1,,,,154,2,,,,21,2,,,,0,3,,,,0,36,,,,0,9,,,,0,13,,,,0,18,,,,342,25,,,,0,1043,,,,0,1139,,,,0,1699,,,,0,2221,,,,0,6,,,,0,4,,,,0,2,,,,0,12,,,,0,5,,,,0,3,,,,635701,1337,15,15,15,
803071,2,2021-03-10,10:20:36,Geochem(3-Beam),,2-RP20,No,,,PPM,,,,0,0,,,,13758,1572,,,,48255,529,,,,149874,680,,,,640,39,,,,0,83,,,,5689,47,,,,52934,236,,,,10808,165,,,,233,44,,,,166,19,,,,972,24,,,,76743,349,,,,189,36,,,,276,8,,,,67,5,,,,130,4,,,,0,1,,,,0,1,,,,25,1,,,,443,3,,,,26,1,,,,153,2,,,,22,2,,,,0,3,,,,0,35,,,,0,9,,,,0,13,,,,0,18,,,,363,25,,,,136,42,,,,142,46,,,,0,1661,,,,0,2186,,,,0,6,,,,0,4,,,,0,2,,,,0,11,,,,0,5,,,,0,3,,,,637956,1332,15,15,15,
803071,3,2021-03-10,10:27:41,Geochem(3-Beam),,3-RP1,No,,,PPM,,,,0,0,,,,0,3435,,,,62345,546,,,,145260,555,,,,0,88,,,,0,110,,,,3776,35,,,,2188,23,,,,10900,140,,,,213,37,,,,71,15,,,,449,16,,,,66156,250,,,,111,30,,,,129,6,,,,47,4,,,,47,3,,,,12,1,,,,4,1,,,,66,1,,,,46,1,,,,25,1,,,,412,3,,,,19,1,,,,0,2,,,,10,2,,,,0,9,,,,0,12,,,,0,16,,,,150,21,,,,0,974,,,,118,39,,,,0,1519,,,,290,80,,,,0,5,,,,0,4,,,,16,2,,,,0,11,,,,14,3,,,,0,3,,,,707123,710,15,15,15,
803071,3,2021-03-10,10:28:33,Geochem(3-Beam),,3-RP2,No,,,PPM,,,,0,0,,,,0,3422,,,,62784,548,,,,145498,555,,,,0,91,,,,0,118,,,,3745,35,,,,2177,23,,,,10774,140,,,,221,37,,,,70,15,,,,440,16,,,,66032,249,,,,162,30,,,,138,6,,,,41,4,,,,44,3,,,,13,2,,,,4,1,,,,70,1,,,,46,1,,,,23,1,,,,408,3,,,,23,1,,,,0,2,,,,7,2,,,,0,9,,,,0,12,,,,0,16,,,,161,21,,,,110,36,,,,0,1042,,,,0,1543,,,,0,1999,,,,0,5,,,,0,4,,,,18,2,,,,0,11,,,,11,3,,,,0,3,,,,706981,708,15,15,15,
803071,3,2021-03-10,10:29:26,Geochem(3-Beam),,3-RP3,No,,,PPM,,,,0,0,,,,0,3340,,,,63111,549,,,,146619,558,,,,0,92,,,,0,118,,,,3697,35,,,,2177,23,,,,11190,142,,,,231,37,,,,55,14,,,,438,16,,,,66416,251,,,,123,30,,,,141,6,,,,38,4,,,,47,3,,,,11,2,,,,3,1,,,,70,1,,,,50,1,,,,26,1,,,,413,3,,,,21,1,,,,0,2,,,,6,2,,,,0,9,,,,0,12,,,,0,16,,,,195,21,,,,0,980,,,,0,1050,,,,0,1534,,,,0,2013,,,,0,5,,,,0,4,,,,22,2,,,,0,11,,,,13,3,,,,0,3,,,,704887,711,15,15,15,
803071,3,2021-03-10,10:30:19,Geochem(3-Beam),,3-RP4,No,,,PPM,,,,0,0,,,,0,3006,,,,62919,548,,,,146055,557,,,,0,91,,,,0,116,,,,3667,35,,,,2215,23,,,,10981,142,,,,209,37,,,,75,15,,,,444,16,,,,66563,251,,,,109,30,,,,133,6,,,,40,4,,,,44,3,,,,11,2,,,,2,1,,,,66,1,,,,46,1,,,,25,1,,,,409,3,,,,20,1,,,,0,2,,,,8,2,,,,0,9,,,,0,12,,,,0,16,,,,198,21,,,,0,948,,,,0,1016,,,,0,1494,,,,0,1947,,,,0,5,,,,0,4,,,,20,2,,,,0,11,,,,0,4,,,,0,3,,,,705740,710,15,15,15,
803071,3,2021-03-10,10:31:12,Geochem(3-Beam),,3-RP5,No,,,PPM,,,,0,0,,,,0,3269,,,,63739,548,,,,146319,556,,,,0,93,,,,0,118,,,,3628,34,,,,2192,23,,,,11082,141,,,,200,37,,,,58,14,,,,428,16,,,,66436,250,,,,0,52,,,,127,6,,,,54,4,,,,52,3,,,,13,1,,,,4,1,,,,68,1,,,,46,1,,,,26,1,,,,410,3,,,,21,1,,,,0,2,,,,12,2,,,,0,9,,,,0,12,,,,0,16,,,,166,21,,,,0,983,,,,190,40,,,,0,1519,,,,252,80,,,,0,5,,,,0,4,,,,16,2,,,,0,11,,,,0,4,,,,0,3,,,,704458,711,15,15,15,
803071,3,2021-03-10,10:32:05,Geochem(3-Beam),,3-RP6,No,,,PPM,,,,0,0,,,,0,3311,,,,65275,554,,,,146722,557,,,,0,91,,,,0,115,,,,3682,35,,,,2221,23,,,,10819,140,,,,199,37,,,,41,14,,,,446,16,,,,66402,250,,,,0,52,,,,129,6,,,,51,4,,,,46,3,,,,11,1,,,,3,1,,,,68,1,,,,46,1,,,,25,1,,,,411,3,,,,19,1,,,,0,2,,,,7,2,,,,0,9,,,,0,12,,,,0,16,,,,178,21,,,,0,976,,,,179,39,,,,0,1536,,,,0,1995,,,,0,5,,,,0,4,,,,18,2,,,,0,11,,,,12,3,,,,0,3,,,,702987,712,15,15,15,
803071,3,2021-03-10,10:32:57,Geochem(3-Beam),,3-RP7,No,,,PPM,,,,0,0,,,,0,2943,,,,63762,549,,,,146895,557,,,,0,93,,,,0,117,,,,3728,35,,,,2253,23,,,,11002,141,,,,215,37,,,,53,14,,,,438,16,,,,66502,250,,,,105,30,,,,128,6,,,,45,4,,,,41,3,,,,13,1,,,,3,1,,,,69,1,,,,48,1,,,,26,1,,,,406,3,,,,20,1,,,,0,2,,,,6,2,,,,26,6,,,,0,12,,,,0,16,,,,187,21,,,,0,996,,,,126,39,,,,0,1574,,,,0,2048,,,,0,5,,,,0,4,,,,17,2,,,,0,11,,,,0,4,,,,0,3,,,,703887,710,15,15,15,
803071,3,2021-03-10,10:33:50,Geochem(3-Beam),,3-RP8,No,,,PPM,,,,0,0,,,,0,2910,,,,63275,545,,,,144703,551,,,,0,92,,,,0,117,,,,3719,34,,,,2218,23,,,,10996,141,,,,212,37,,,,55,14,,,,441,16,,,,65901,248,,,,0,52,,,,136,6,,,,51,4,,,,47,3,,,,13,2,,,,3,1,,,,67,1,,,,47,1,,,,25,1,,,,408,3,,,,23,1,,,,0,2,,,,10,2,,,,0,8,,,,0,12,,,,0,16,,,,195,21,,,,144,36,,,,167,39,,,,0,1581,,,,0,2062,,,,0,5,,,,0,4,,,,19,2,,,,0,11,,,,0,4,,,,0,3,,,,707124,704,15,15,15,
803071,3,2021-03-10,10:34:43,Geochem(3-Beam),,3-RP9,No,,,PPM,,,,0,0,,,,0,3305,,,,64114,547,,,,146616,555,,,,0,91,,,,0,116,,,,3715,34,,,,2217,23,,,,10865,140,,,,207,37,,,,64,14,,,,433,16,,,,66048,248,,,,119,30,,,,144,6,,,,47,4,,,,48,3,,,,15,1,,,,3,1,,,,70,1,,,,46,1,,,,23,1,,,,409,3,,,,23,1,,,,0,2,,,,11,2,,,,0,9,,,,0,12,,,,0,16,,,,247,21,,,,164,36,,,,174,39,,,,0,1538,,,,0,2003,,,,0,5,,,,0,3,,,,14,2,,,,0,11,,,,0,4,,,,0,3,,,,704164,708,15,15,15,
803071,3,2021-03-10,10:35:35,Geochem(3-Beam),,3-RP10,No,,,PPM,,,,0,0,,,,0,2908,,,,62581,543,,,,146164,555,,,,0,92,,,,0,116,,,,3741,35,,,,2193,23,,,,10926,139,,,,288,37,,,,0,25,,,,464,16,,,,66179,249,,,,0,52,,,,130,6,,,,59,4,,,,51,3,,,,14,2,,,,0,1,,,,69,1,,,,48,1,,,,24,1,,,,404,3,,,,21,1,,,,0,2,,,,10,2,,,,0,8,,,,0,12,,,,38,12,,,,190,21,,,,120,36,,,,136,39,,,,0,1544,,,,283,81,,,,0,5,,,,0,4,,,,17,2,,,,0,11,,,,13,3,,,,0,3,,,,705838,708,15,15,15,
803071,3,2021-03-10,10:36:28,Geochem(3-Beam),,3-RP11,No,,,PPM,,,,0,0,,,,0,3360,,,,63670,548,,,,147470,560,,,,0,87,,,,0,116,,,,3745,35,,,,2217,23,,,,11072,142,,,,221,37,,,,63,15,,,,458,16,,,,66705,252,,,,119,30,,,,133,6,,,,48,4,,,,47,3,,,,13,2,,,,3,1,,,,69,1,,,,44,1,,,,24,1,,,,409,3,,,,21,1,,,,0,2,,,,10,2,,,,0,9,,,,0,12,,,,0,16,,,,186,21,,,,0,970,,,,121,39,,,,185,59,,,,244,80,,,,0,5,,,,0,3,,,,19,2,,,,0,11,,,,0,4,,,,0,3,,,,702686,715,15,15,15,
803071,3,2021-03-10,10:37:21,Geochem(3-Beam),,3-RP12,No,,,PPM,,,,0,0,,,,0,3275,,,,63268,545,,,,146718,557,,,,0,93,,,,0,116,,,,3710,35,,,,2233,23,,,,11104,141,,,,208,37,,,,73,15,,,,451,16,,,,66598,251,,,,134,30,,,,138,6,,,,56,4,,,,50,3,,,,10,2,,,,0,1,,,,68,1,,,,46,1,,,,27,1,,,,414,3,,,,19,1,,,,0,2,,,,7,2,,,,0,9,,,,0,12,,,,0,16,,,,193,21,,,,118,36,,,,0,1046,,,,0,1538,,,,0,1996,,,,0,5,,,,0,3,,,,21,2,,,,0,11,,,,0,4,,,,0,3,,,,704337,708,15,15,15,
803071,3,2021-03-10,10:38:13,Geochem(3-Beam),,3-RP13,No,,,PPM,,,,0,0,,,,0,2864,,,,63955,545,,,,146837,555,,,,0,91,,,,0,116,,,,3641,34,,,,2212,23,,,,11058,140,,,,219,37,,,,43,14,,,,443,16,,,,66050,248,,,,100,30,,,,130,6,,,,46,4,,,,50,3,,,,14,2,,,,4,1,,,,68,1,,,,46,1,,,,25,1,,,,416,3,,,,25,1,,,,7,2,,,,8,2,,,,0,8,,,,0,12,,,,0,16,,,,218,21,,,,129,36,,,,189,40,,,,188,60,,,,0,1991,,,,0,5,,,,0,3,,,,16,2,,,,37,8,,,,0,4,,,,0,3,,,,703826,709,15,15,15,
803071,3,2021-03-10,10:39:06,Geochem(3-Beam),,3-RP14,No,,,PPM,,,,0,0,,,,0,2901,,,,63309,543,,,,146119,553,,,,0,91,,,,0,117,,,,3672,34,,,,2257,23,,,,10839,139,,,,231,36,,,,59,14,,,,453,16,,,,65760,247,,,,163,30,,,,125,5,,,,47,4,,,,54,3,,,,14,1,,,,3,1,,,,68,1,,,,48,1,,,,24,1,,,,406,3,,,,22,1,,,,0,2,,,,9,2,,,,0,8,,,,0,12,,,,0,16,,,,194,21,,,,144,36,,,,177,39,,,,204,59,,,,0,1952,,,,0,5,,,,0,4,,,,16,2,,,,0,11,,,,0,4,,,,0,3,,,,705580,706,15,15,15,
803071,3,2021-03-10,10:39:59,Geochem(3-Beam),,3-RP15,No,,,PPM,,,,0,0,,,,0,3282,,,,64811,551,,,,147897,560,,,,0,87,,,,0,115,,,,3719,35,,,,2208,23,,,,10835,141,,,,238,37,,,,43,14,,,,448,16,,,,66611,251,,,,119,30,,,,134,6,,,,57,4,,,,53,3,,,,11,1,,,,3,1,,,,70,1,,,,49,1,,,,25,1,,,,417,3,,,,23,1,,,,0,2,,,,0,35,,,,0,9,,,,0,12,,,,0,16,,,,182,21,,,,140,36,,,,0,1060,,,,0,1553,,,,0,2028,,,,0,5,,,,0,4,,,,19,2,,,,0,11,,,,0,4,,,,0,3,,,,701888,713,15,15,15,
803071,3,2021-03-10,10:40:53,Geochem(3-Beam),,3-RP16,No,,,PPM,,,,0,0,,,,0,3339,,,,63324,545,,,,147637,558,,,,0,90,,,,0,117,,,,3789,35,,,,2212,23,,,,10949,141,,,,149,36,,,,73,15,,,,442,16,,,,66613,251,,,,107,30,,,,138,6,,,,54,4,,,,52,3,,,,12,2,,,,3,1,,,,68,1,,,,46,1,,,,26,1,,,,410,3,,,,22,1,,,,0,2,,,,8,2,,,,0,9,,,,0,12,,,,0,16,,,,214,21,,,,0,963,,,,157,39,,,,0,1533,,,,0,1997,,,,0,5,,,,0,3,,,,22,2,,,,0,11,,,,12,3,,,,0,3,,,,703461,709,15,15,15,
803071,3,2021-03-10,10:41:46,Geochem(3-Beam),,3-RP17,No,,,PPM,,,,0,0,,,,0,3342,,,,63238,544,,,,147509,557,,,,0,92,,,,0,116,,,,3754,35,,,,2255,23,,,,10918,141,,,,219,37,,,,47,14,,,,477,16,,,,66317,249,,,,153,30,,,,143,6,,,,48,4,,,,45,3,,,,14,2,,,,4,1,,,,70,1,,,,47,1,,,,27,1,,,,409,3,,,,22,1,,,,0,2,,,,9,2,,,,0,9,,,,0,12,,,,0,16,,,,161,21,,,,0,995,,,,0,1079,,,,0,1575,,,,0,2042,,,,0,5,,,,0,3,,,,18,2,,,,0,11,,,,0,4,,,,0,3,,,,704097,707,15,15,15,
803071,3,2021-03-10,10:42:39,Geochem(3-Beam),,3-RP18,No,,,PPM,,,,0,0,,,,0,3344,,,,64000,545,,,,147132,556,,,,0,92,,,,0,115,,,,3801,35,,,,2226,23,,,,10786,141,,,,194,37,,,,64,14,,,,464,16,,,,66371,250,,,,101,30,,,,138,6,,,,51,4,,,,44,3,,,,12,1,,,,3,1,,,,69,1,,,,49,1,,,,24,1,,,,410,3,,,,20,1,,,,0,2,,,,9,2,,,,0,9,,,,0,12,,,,0,16,,,,195,21,,,,0,986,,,,0,1056,,,,0,1555,,,,0,2017,,,,0,5,,,,0,4,,,,18,2,,,,0,11,,,,0,4,,,,0,3,,,,703821,708,15,15,15,
803071,3,2021-03-10,10:43:31,Geochem(3-Beam),,3-RP19,No,,,PPM,,,,0,0,,,,0,3286,,,,64043,545,,,,147069,556,,,,0,90,,,,0,116,,,,3717,35,,,,2191,23,,,,10938,140,,,,225,37,,,,54,14,,,,494,16,,,,66476,250,,,,141,30,,,,140,6,,,,39,4,,,,47,3,,,,9,1,,,,4,1,,,,71,1,,,,46,1,,,,23,1,,,,410,3,,,,22,1,,,,0,2,,,,9,2,,,,0,9,,,,0,12,,,,0,16,,,,159,21,,,,0,1001,,,,0,1076,,,,0,1583,,,,0,2043,,,,0,5,,,,0,4,,,,20,2,,,,0,11,,,,0,4,,,,0,3,,,,703653,707,15,15,15,
803071,3,2021-03-10,10:44:24,Geochem(3-Beam),,3-RP20,No,,,PPM,,,,0,0,,,,0,3374,,,,62686,541,,,,146817,556,,,,0,92,,,,0,119,,,,3728,35,,,,2240,23,,,,10880,140,,,,220,37,,,,51,14,,,,420,16,,,,66346,250,,,,0,52,,,,137,6,,,,52,4,,,,50,3,,,,13,2,,,,4,1,,,,68,1,,,,47,1,,,,24,1,,,,408,3,,,,23,1,,,,7,2,,,,10,2,,,,0,9,,,,0,12,,,,0,16,,,,160,21,,,,0,973,,,,0,1049,,,,0,1547,,,,0,2004,,,,0,5,,,,0,4,,,,18,2,,,,25,8,,,,0,4,,,,0,3,,,,705565,705,15,15,15,
803071,4,2021-03-10,10:46:01,Geochem(3-Beam),,4-RP1,No,,,PPM,,,,0,0,,,,0,3411,,,,51845,538,,,,133494,585,,,,0,109,,,,0,142,,,,3124,33,,,,1438,21,,,,7671,119,,,,256,32,,,,414,18,,,,446,18,,,,141113,532,,,,181,43,,,,348,10,,,,425,10,,,,47,4,,,,18,2,,,,4,1,,,,49,1,,,,31,1,,,,16,2,,,,336,3,,,,14,2,,,,0,2,,,,0,39,,,,0,6,,,,0,9,,,,0,12,,,,250,25,,,,163,44,,,,188,48,,,,0,1829,,,,312,98,,,,0,4,,,,0,3,,,,0,2,,,,0,8,,,,0,3,,,,0,2,,,,657815,823,15,15,15,
803071,4,2021-03-10,10:46:53,Geochem(3-Beam),,4-RP2,No,,,PPM,,,,0,0,,,,0,3534,,,,51972,539,,,,134454,589,,,,0,108,,,,0,140,,,,3036,33,,,,1356,21,,,,7741,119,,,,234,31,,,,431,18,,,,473,18,,,,141731,534,,,,206,44,,,,334,10,,,,431,9,,,,44,4,,,,14,2,,,,5,1,,,,45,1,,,,33,1,,,,23,2,,,,338,3,,,,12,2,,,,0,2,,,,10,3,,,,0,6,,,,32,10,,,,0,12,,,,238,26,,,,0,1143,,,,0,1229,,,,0,1824,,,,0,2389,,,,0,4,,,,0,3,,,,11,3,,,,0,8,,,,0,3,,,,0,2,,,,656797,823,15,15,15,
803071,4,2021-03-10,10:47:46,Geochem(3-Beam),,4-RP3,No,,,PPM,,,,0,0,,,,0,3406,,,,52544,542,,,,134950,591,,,,0,109,,,,0,140,,,,3020,34,,,,1377,21,,,,8003,121,,,,219,32,,,,384,18,,,,450,18,,,,142161,536,,,,174,44,,,,356,10,,,,432,9,,,,48,4,,,,21,2,,,,6,1,,,,47,1,,,,32,1,,,,20,2,,,,342,3,,,,13,2,,,,0,2,,,,11,3,,,,36,8,,,,0,9,,,,0,12,,,,176,26,,,,0,1158,,,,0,1242,,,,0,1850,,,,0,2433,,,,0,4,,,,0,3,,,,0,2,,,,0,8,,,,0,3,,,,0,2,,,,655178,827,15,15,15,
803071,4,2021-03-10,10:48:39,Geochem(3-Beam),,4-RP4,No,,,PPM,,,,0,0,,,,0,3468,,,,52577,543,,,,134998,592,,,,0,109,,,,0,145,,,,2983,34,,,,1379,21,,,,7715,120,,,,288,32,,,,433,19,,,,466,18,,,,142771,539,,,,0,66,,,,351,10,,,,427,9,,,,46,4,,,,14,2,,,,4,1,,,,49,1,,,,30,1,,,,17,2,,,,340,3,,,,15,2,,,,0,2,,,,9,2,,,,25,8,,,,0,9,,,,0,12,,,,277,25,,,,166,44,,,,0,1222,,,,0,1825,,,,0,2350,,,,0,4,,,,0,3,,,,13,3,,,,32,10,,,,0,3,,,,0,2,,,,654572,829,15,15,15,
803071,4,2021-03-10,10:49:32,Geochem(3-Beam),,4-RP5,No,,,PPM,,,,0,0,,,,0,3474,,,,51671,538,,,,134886,590,,,,0,109,,,,0,142,,,,3002,34,,,,1380,21,,,,8183,121,,,,206,31,,,,459,19,,,,452,18,,,,141999,535,,,,165,44,,,,329,10,,,,426,9,,,,53,4,,,,19,2,,,,3,1,,,,48,1,,,,31,1,,,,21,2,,,,338,3,,,,14,2,,,,0,2,,,,12,2,,,,0,6,,,,0,9,,,,0,12,,,,299,26,,,,141,44,,,,173,48,,,,0,1847,,,,0,2412,,,,0,4,,,,0,3,,,,0,2,,,,0,8,,,,0,3,,,,0,2,,,,655689,825,15,15,15,
803071,4,2021-03-10,10:50:24,Geochem(3-Beam),,4-RP6,No,,,PPM,,,,0,0,,,,0,3389,,,,52963,544,,,,135839,593,,,,0,108,,,,0,140,,,,3044,34,,,,1378,21,,,,7976,120,,,,227,32,,,,429,19,,,,448,18,,,,142775,538,,,,173,44,,,,359,10,,,,422,9,,,,50,4,,,,18,2,,,,6,1,,,,49,1,,,,33,1,,,,19,2,,,,340,3,,,,14,2,,,,0,2,,,,9,3,,,,0,6,,,,0,9,,,,0,12,,,,212,25,,,,0,1179,,,,0,1278,,,,0,1909,,,,0,2509,,,,0,4,,,,0,3,,,,0,2,,,,0,8,,,,13,4,,,,0,2,,,,653202,830,15,15,15,
803071,4,2021-03-10,10:51:17,Geochem(3-Beam),,4-RP7,No,,,PPM,,,,0,0,,,,0,3349,,,,52797,541,,,,134900,590,,,,0,109,,,,0,141,,,,2996,33,,,,1351,21,,,,7852,119,,,,344,32,,,,458,19,,,,472,18,,,,142454,537,,,,148,44,,,,347,10,,,,416,9,,,,47,4,,,,12,2,,,,4,1,,,,45,1,,,,31,1,,,,19,2,,,,347,3,,,,16,2,,,,0,2,,,,9,3,,,,0,6,,,,0,9,,,,52,15,,,,220,26,,,,140,44,,,,198,48,,,,247,72,,,,0,2427,,,,0,4,,,,0,3,,,,12,3,,,,45,10,,,,0,3,,,,0,2,,,,654021,829,15,15,15,
803071,4,2021-03-10,10:52:10,Geochem(3-Beam),,4-RP8,No,,,PPM,,,,0,0,,,,0,3414,,,,52123,538,,,,134763,589,,,,0,107,,,,0,141,,,,3066,34,,,,1355,21,,,,7984,121,,,,261,32,,,,447,19,,,,426,18,,,,142155,535,,,,133,44,,,,354,10,,,,422,9,,,,46,4,,,,19,2,,,,6,1,,,,47,1,,,,31,1,,,,22,2,,,,341,3,,,,12,2,,,,0,2,,,,8,3,,,,0,6,,,,0,9,,,,45,15,,,,244,26,,,,0,1155,,,,0,1254,,,,0,1860,,,,0,2402,,,,0,4,,,,0,3,,,,9,3,,,,0,8,,,,0,3,,,,0,2,,,,655680,824,15,15,15,
803071,4,2021-03-10,10:53:03,Geochem(3-Beam),,4-RP9,No,,,PPM,,,,0,0,,,,0,3414,,,,51880,538,,,,134881,590,,,,0,110,,,,0,144,,,,2925,33,,,,1358,21,,,,8041,121,,,,225,31,,,,444,19,,,,471,18,,,,142039,535,,,,250,44,,,,342,10,,,,428,9,,,,56,4,,,,16,2,,,,5,1,,,,45,1,,,,30,1,,,,22,2,,,,343,3,,,,14,2,,,,0,2,,,,0,39,,,,0,6,,,,0,9,,,,0,12,,,,236,26,,,,0,1144,,,,174,48,,,,0,1819,,,,0,2389,,,,0,4,,,,0,3,,,,12,3,,,,0,8,,,,0,3,,,,0,2,,,,655765,825,15,15,15,
803071,4,2021-03-10,10:53:55,Geochem(3-Beam),,4-RP10,No,,,PPM,,,,0,0,,,,0,3398,,,,50978,533,,,,134470,588,,,,0,107,,,,0,140,,,,3024,33,,,,1348,21,,,,7902,120,,,,253,32,,,,418,18,,,,471,19,,,,141404,533,,,,135,43,,,,349,10,,,,415,9,,,,50,4,,,,17,2,,,,6,1,,,,45,1,,,,29,1,,,,19,2,,,,342,3,,,,14,2,,,,0,2,,,,14,3,,,,0,6,,,,0,9,,,,0,12,,,,233,26,,,,155,44,,,,186,48,,,,0,1793,,,,408,98,,,,0,4,,,,0,3,,,,10,3,,,,0,8,,,,0,3,,,,0,2,,,,657303,824,15,15,15,
803071,4,2021-03-10,10:54:49,Geochem(3-Beam),,4-RP11,No,,,PPM,,,,0,0,,,,0,3465,,,,51819,538,,,,136020,594,,,,0,108,,,,0,139,,,,3059,34,,,,1366,21,,,,7905,121,,,,253,32,,,,439,19,,,,432,18,,,,142631,538,,,,146,44,,,,344,10,,,,429,9,,,,48,4,,,,12,2,,,,5,1,,,,48,1,,,,32,1,,,,17,2,,,,342,3,,,,16,2,,,,0,2,,,,11,2,,,,0,6,,,,0,9,,,,0,12,,,,270,26,,,,0,1128,,,,163,48,,,,0,1820,,,,0,2370,,,,0,4,,,,0,3,,,,15,3,,,,0,8,,,,0,3,,,,0,2,,,,654176,828,15,15,15,
803071,4,2021-03-10,10:55:41,Geochem(3-Beam),,4-RP12,No,,,PPM,,,,0,0,,,,0,3355,,,,52222,538,,,,135439,590,,,,0,108,,,,0,142,,,,2980,34,,,,1391,21,,,,7950,120,,,,259,32,,,,453,19,,,,453,18,,,,142093,534,,,,184,44,,,,346,10,,,,431,9,,,,45,4,,,,20,2,,,,6,1,,,,46,1,,,,31,1,,,,21,2,,,,338,3,,,,12,2,,,,0,2,,,,8,2,,,,0,6,,,,0,9,,,,0,12,,,,268,26,,,,0,1156,,,,0,1258,,,,0,1866,,,,0,2455,,,,0,4,,,,0,3,,,,0,2,,,,0,8,,,,0,3,,,,0,2,,,,655005,824,15,15,15,
803071,4,2021-03-10,10:56:34,Geochem(3-Beam),,4-RP13,No,,,PPM,,,,0,0,,,,0,3345,,,,52734,540,,,,135263,590,,,,0,109,,,,0,142,,,,3046,34,,,,1373,21,,,,8081,121,,,,211,31,,,,458,19,,,,445,18,,,,141986,534,,,,184,44,,,,342,10,,,,424,9,,,,44,4,,,,18,2,,,,0,1,,,,47,1,,,,30,1,,,,20,2,,,,338,3,,,,11,2,,,,0,2,,,,12,2,,,,0,6,,,,0,9,,,,0,12,,,,260,26,,,,132,44,,,,0,1218,,,,0,1815,,,,0,2368,,,,0,4,,,,0,3,,,,0,2,,,,0,8,,,,14,4,,,,0,2,,,,654526,825,15,15,15,
803071,4,2021-03-10,10:57:26,Geochem(3-Beam),,4-RP14,No,,,PPM,,,,0,0,,,,0,3387,,,,52568,540,,,,134888,590,,,,0,106,,,,0,141,,,,3013,34,,,,1317,21,,,,7894,120,,,,240,31,,,,428,18,,,,467,18,,,,142301,536,,,,0,66,,,,354,10,,,,422,9,,,,45,4,,,,15,2,,,,4,1,,,,45,1,,,,31,1,,,,20,2,,,,344,3,,,,14,2,,,,0,2,,,,0,37,,,,0,6,,,,0,9,,,,44,14,,,,246,26,,,,150,44,,,,174,48,,,,283,72,,,,0,2341,,,,0,4,,,,0,3,,,,13,3,,,,0,8,,,,0,3,,,,0,2,,,,654680,827,15,15,15,
803071,4,2021-03-10,10:58:19,Geochem(3-Beam),,4-RP15,No,,,PPM,,,,0,0,,,,0,3965,,,,53377,544,,,,136061,593,,,,0,109,,,,0,140,,,,3046,34,,,,1425,21,,,,8060,121,,,,249,32,,,,428,18,,,,484,18,,,,142940,538,,,,198,44,,,,338,10,,,,431,9,,,,50,4,,,,17,2,,,,5,1,,,,45,1,,,,28,1,,,,19,2,,,,342,3,,,,16,2,,,,0,2,,,,14,3,,,,0,6,,,,0,9,,,,0,12,,,,287,26,,,,0,1172,,,,0,1264,,,,0,1880,,,,0,2459,,,,0,4,,,,0,3,,,,0,2,,,,0,8,,,,0,3,,,,0,2,,,,652139,830,15,15,15,
803071,4,2021-03-10,10:59:12,Geochem(3-Beam),,4-RP16,No,,,PPM,,,,0,0,,,,0,3273,,,,52805,541,,,,136449,594,,,,0,104,,,,0,141,,,,3062,34,,,,1425,21,,,,8103,121,,,,257,32,,,,431,19,,,,428,18,,,,142766,537,,,,0,66,,,,343,10,,,,438,9,,,,45,4,,,,14,2,,,,4,1,,,,48,1,,,,32,1,,,,19,2,,,,338,3,,,,15,2,,,,0,2,,,,13,3,,,,0,6,,,,0,9,,,,0,12,,,,271,26,,,,0,1142,,,,0,1237,,,,0,1849,,,,0,2422,,,,0,4,,,,0,3,,,,0,2,,,,0,8,,,,0,3,,,,0,2,,,,652695,828,15,15,15,
803071,4,2021-03-10,11:00:04,Geochem(3-Beam),,4-RP17,No,,,PPM,,,,0,0,,,,0,3343,,,,52440,539,,,,136191,593,,,,0,108,,,,0,140,,,,3019,33,,,,1353,21,,,,7894,120,,,,227,31,,,,437,19,,,,441,18,,,,142511,536,,,,172,44,,,,335,10,,,,435,9,,,,52,4,,,,20,2,,,,5,1,,,,47,1,,,,33,1,,,,21,2,,,,339,3,,,,17,2,,,,0,2,,,,8,3,,,,0,6,,,,0,9,,,,0,12,,,,235,26,,,,0,1135,,,,0,1236,,,,0,1821,,,,0,2393,,,,0,4,,,,0,3,,,,0,2,,,,37,10,,,,0,3,,,,0,2,,,,653730,827,15,15,15,
803071,4,2021-03-10,11:00:57,Geochem(3-Beam),,4-RP18,No,,,PPM,,,,0,0,,,,0,3372,,,,52706,538,,,,135085,588,,,,0,108,,,,0,141,,,,3072,33,,,,1396,21,,,,7914,120,,,,286,32,,,,439,19,,,,436,18,,,,141733,532,,,,0,66,,,,350,10,,,,411,9,,,,54,4,,,,13,2,,,,0,1,,,,44,1,,,,30,1,,,,22,2,,,,341,3,,,,15,2,,,,0,2,,,,0,40,,,,0,6,,,,0,9,,,,0,12,,,,275,25,,,,156,43,,,,0,1231,,,,0,1832,,,,0,2413,,,,0,4,,,,0,3,,,,12,3,,,,32,10,,,,0,3,,,,0,2,,,,655178,822,15,15,15,
803071,4,2021-03-10,11:01:50,Geochem(3-Beam),,4-RP19,No,,,PPM,,,,0,0,,,,0,3337,,,,52076,537,,,,135747,592,,,,0,109,,,,0,143,,,,3065,34,,,,1354,21,,,,7933,122,,,,205,32,,,,442,19,,,,448,18,,,,142260,536,,,,166,44,,,,366,10,,,,420,9,,,,45,4,,,,19,2,,,,3,1,,,,48,1,,,,33,1,,,,20,2,,,,340,3,,,,11,2,,,,0,2,,,,10,2,,,,0,6,,,,0,9,,,,0,12,,,,247,26,,,,0,1136,,,,0,1220,,,,0,1823,,,,0,2389,,,,0,4,,,,0,3,,,,0,2,,,,0,8,,,,0,3,,,,0,2,,,,654741,825,15,15,15,
803071,4,2021-03-10,11:02:42,Geochem(3-Beam),,4-RP20,No,,,PPM,,,,0,0,,,,0,3378,,,,52262,537,,,,135994,592,,,,0,106,,,,0,141,,,,3060,34,,,,1381,21,,,,7977,120,,,,271,32,,,,428,18,,,,453,18,,,,142290,535,,,,161,44,,,,361,10,,,,430,9,,,,44,4,,,,13,2,,,,5,1,,,,46,1,,,,29,1,,,,17,2,,,,334,3,,,,16,2,,,,0,2,,,,0,41,,,,0,6,,,,0,9,,,,0,12,,,,252,26,,,,0,1142,,,,0,1235,,,,0,1828,,,,0,2415,,,,0,4,,,,0,3,,,,12,3,,,,0,8,,,,0,3,,,,0,2,,,,654162,825,15,15,15,
